{
    "T_base_end": [
        [
            0.9999947841076341,
            0.003191123316645229,
            0.0004984872157179986,
            0.242631
        ],
        [
            0.0031912263525932585,
            -0.9999948867981152,
            -0.0002060388097781329,
            -0.000626975
        ],
        [
            0.0004978271716022108,
            0.000207628520641108,
            -0.9999998545292417,
            0.19162
        ],
        [
            0.0,
            0.0,
            0.0,
            1.0
        ]
    ],
    "gripper_dist": 0.0450089
}