{
    "T_base_end": [
        [
            0.9999945030246549,
            0.0031580122265204157,
            -0.001010385694042016,
            0.241968
        ],
        [
            0.0031577366130526806,
            -0.9999949767279779,
            -0.0002742595379306829,
            -0.000633096
        ],
        [
            -0.0010112467335738522,
            0.00027106749843338365,
            -0.9999994519510775,
            0.220701
        ],
        [
            0.0,
            0.0,
            0.0,
            1.0
        ]
    ],
    "gripper_dist": 0.0599967,
    "obj_pose_2d": [
        0.22649343833495117,
        0.016355160106886278,
        -1.5562362670898438
    ]
}