{
    "0": [
        0.256448,
        0.00366898,
        0.382832,
        0.9999656504211498,
        -0.008128387158390152,
        0.0016200594336420314,
        5.2033081809710266e-05
    ],
    "1": [
        0.25711,
        0.00377708,
        0.381167,
        -0.35451704491804836,
        -0.9350481184725453,
        0.0006844020867151707,
        0.00148748018846684
    ],
    "2": [
        0.257158,
        0.00377779,
        0.381264,
        -0.8831906942802629,
        -0.4690118376498115,
        0.0013257495410868752,
        0.0005797147993295703
    ],
    "3": [
        0.256961,
        0.00357783,
        0.38078,
        0.9386725357180412,
        -0.34480282945518603,
        -0.002029308996272374,
        0.0008725785684091401
    ],
    "4": [
        0.251534,
        -0.00193863,
        0.385754,
        0.8048016480010688,
        -0.5935437403996836,
        -4.829687887622397e-05,
        0.0003650678403289929
    ],
    "5": [
        0.251573,
        -0.00217027,
        0.385754,
        0.4237508498190786,
        -0.9057786789842979,
        0.0003744408672949577,
        0.0002485339119174584
    ],
    "6": [
        0.335931,
        -0.00312359,
        0.377272,
        -0.9980214247750411,
        0.007952463384704844,
        0.062151626452798515,
        0.005212422218496323
    ],
    "7": [
        0.383828,
        -0.00398727,
        0.336951,
        -0.9818799407900924,
        0.0075286895460005,
        0.18925298858755382,
        0.006197339626284343
    ],
    "8": [
        0.265556,
        0.148388,
        0.359369,
        0.689940036325689,
        0.6958570366372216,
        -0.15720100827671188,
        0.12269300645984828
    ],
    "9": [
        0.279144,
        0.189864,
        0.291686,
        0.690629051336186,
        0.6582620489302657,
        -0.22370501662855377,
        0.199195014806664
    ],
    "10": [
        0.235193,
        -0.0806031,
        0.395951,
        -0.7146878968939535,
        0.6821529015876876,
        0.062694290955268,
        0.14127297961893795
    ],
    "11": [
        0.234322,
        -0.174574,
        0.336745,
        -0.6827982831940607,
        0.6970992891254754,
        0.12933305364154177,
        0.1763860731570209
    ],
    "12": [
        0.236351,
        -0.21065,
        0.287869,
        -0.6590390357017931,
        0.697722037797348,
        0.17788500963647594,
        0.21727501177033087
    ],
    "13": [
        0.138824,
        -0.136317,
        0.343442,
        -0.44193808626200076,
        0.8714321700950532,
        0.0715716139700804,
        0.20043503912296318
    ],
    "14": [
        0.090467,
        -0.00736099,
        0.311318,
        -0.04076288583488864,
        0.982358658630161,
        -0.0005839707970700569,
        0.18250893657810638
    ],
    "PoseNote": "Meaning: transformation from the end of the arm to the base of the arm; Format: tx,ty,tz,qx,qy,qz,qw",
    "eye_in_hand": true
}