{
    "T_base_end": [
        [
            0.9999861617136193,
            0.004854957944542042,
            -0.0020262686445353525,
            0.301898
        ],
        [
            0.004853131748798683,
            -0.9999878137826153,
            -0.0009052063270984403,
            -0.000735088
        ],
        [
            -0.002030638690634366,
            0.0008953600519036626,
            -0.9999975374154109,
            0.397761
        ],
        [
            0.0,
            0.0,
            0.0,
            1.0
        ]
    ],
    "gripper_dist": 0.0599967,
    "obj_pose_2d": [
        0.12649735421009622,
        0.013538026358325584,
        -1.5551073551177979
    ]
}