{
    "QuaternionFormat": "qw,qx,qy,qz",
    "T_armend_cam": {
        "R": [
            -0.9537049278723253,
            0.009400776445375913,
            -0.3005969659757197,
            -0.006672333020735226,
            -0.9999267114246013,
            -0.010102066678303621,
            -0.3006699029228638,
            -0.007628707710782441,
            0.9536977573083667
        ],
        "q": [
            -0.004065649117003592,
            -0.15208881142601294,
            -0.004484950929424548,
            0.9883482934428143
        ],
        "t": [
            0.07269268854246645,
            0.0010943854494130903,
            0.06662850671122435
        ]
    }
}
