{
    "width": 0.015,
    "thickness": 0.005,
    "T_cam_gripper": [
        [
            -0.0026950188912451267,
            0.952411949634552,
            -0.3048018515110016,
            0.037023987621068954
        ],
        [
            -0.9999826550483704,
            -0.0009709208970889449,
            0.005807890091091394,
            -0.0008028690353967249
        ],
        [
            0.005235565360635519,
            0.3048122227191925,
            0.9523980617523193,
            0.12144310027360916
        ],
        [
            0.0,
            0.0,
            0.0,
            1.0
        ]
    ]
}