{
    "T_base_end": [
        [
            0.9999843713462164,
            0.005114325512392521,
            -0.0022584813184362913,
            0.241196
        ],
        [
            0.0051131147425427,
            -0.9999867813042826,
            -0.0005415480868298676,
            -0.000660374
        ],
        [
            -0.002261221117455621,
            0.0005299917490372575,
            -0.9999973029902651,
            0.402936
        ],
        [
            0.0,
            0.0,
            0.0,
            1.0
        ]
    ],
    "gripper_dist": 0.0600357,
    "obj_pose_2d": [
        -0.06039441755335497,
        0.014381058511421725,
        -1.5569396018981934
    ]
}