{
    "T_base_end": [
        [
            0.9999865704462318,
            0.004225471054985298,
            -0.003000720171357674,
            0.190468
        ],
        [
            0.004223696820184883,
            -0.9999909017312154,
            -0.0005973608301341128,
            -0.000686434
        ],
        [
            -0.0030032170008961216,
            0.0005846786755986976,
            -0.9999953194082916,
            0.218682
        ],
        [
            0.0,
            0.0,
            0.0,
            1.0
        ]
    ],
    "gripper_dist": 0.0600162,
    "obj_pose_2d": [
        -0.14755817102732907,
        0.01922947111504182,
        -1.5529953241348267
    ]
}