{
    "T_base_end": [
        [
            0.998785723281483,
            -0.04925016038028015,
            0.0012250190208969282,
            0.244629
        ],
        [
            -0.04924955656884109,
            -0.9987863698251895,
            -0.0005182945042216409,
            -0.0075125
        ],
        [
            0.0012490583883055838,
            0.0004573335077042596,
            -0.9999991153492118,
            0.191758
        ],
        [
            0.0,
            0.0,
            0.0,
            1.0
        ]
    ],
    "gripper_dist": 0.0420143
}