{
    "T_base_end": [
        [
            0.9987835693596151,
            -0.04929151782404763,
            0.0013144762715615957,
            0.243503
        ],
        [
            -0.04929086773163914,
            -0.9987843297612187,
            -0.0005224765027695513,
            -0.00747831
        ],
        [
            0.0013386319617275848,
            0.00045704927030478047,
            -0.9999989995847178,
            0.226407
        ],
        [
            0.0,
            0.0,
            0.0,
            1.0
        ]
    ],
    "T_cam_model": [
        [
            0.01987650617957115,
            -0.9491224884986877,
            0.3142792582511902,
            0.03310144692659378
        ],
        [
            -0.9997180104255676,
            -0.02295362390577793,
            -0.0060929907485842705,
            0.002274861093610525
        ],
        [
            0.012996843084692955,
            -0.3140694797039032,
            -0.9493110775947571,
            0.14669764041900635
        ],
        [
            0.0,
            0.0,
            0.0,
            1.0
        ]
    ],
    "gripper_dist": 0.0689709
}